ID,FwVersion,TcCatagory,TestCaseType,VideoName,ZoneId,Falses,Misses,Fdr,Tpr,SignalFdr,SignalTpr,SignalAccuracy,CountError
0,2.5.3,FwdDay,Clear,Demers_Ave20th_St_NB,131,8,1,38.1,92.86,1.67,58.15,94.3,-30.0

1,2.5.3,FwdDay,Clear,Demers_Ave20th_St_NB,132,4,1,40.0,85.71,0.0,81.58,99.13,-10.0

2,2.5.3,FwdDay,Clear,Demers_Ave20th_St_NB,231,8,1,53.33,87.5,25.71,25.63,98.3,-10.0

3,2.5.3,FwdDay,Clear,Demers_Ave20th_St_NB,232,15,2,42.86,90.91,6.48,48.61,95.24,30.0

4,2.5.3,FwdDay,Clear,EB_MA_2018-03-07-10-01-59,151,1,5,6.25,75.0,1.38,71.81,93.01,-60.0

5,2.5.3,FwdDay,Clear,EB_MA_2018-03-07-10-01-59,152,1,2,8.33,84.62,1.69,83.98,96.86,-20.0

6,2.5.3,FwdDay,Fog,EBMA_2018-01-21_0354 PM,151,9,5,40.91,72.22,0.0,51.37,92.29,-40.0

7,2.5.3,FwdDay,Fog,EBMA_2018-01-21_0354 PM,152,7,2,58.33,71.43,0.0,3.56,93.18,-20.0

8,2.5.3,FwdDay,Fog,EBMA_2018-01-21_0434_PM,151,9,4,47.37,71.43,2.84,15.46,70.79,-40.0

9,2.5.3,FwdDay,Fog,EBMA_2018-01-21_0434_PM,152,9,2,60.0,75.0,0,0.0,91.74,-20.0

10,2.5.3,FwdDay,Fog,NB_Snelling_MA_Day_Fog,131,26,0,100.0,100,100.0,100,94.86,nan

11,2.5.3,FwdDay,Fog,NB_Snelling_MA_Day_Fog,132,2,6,2.33,93.33,8.08,95.26,96.09,0.0

12,2.5.3,FwdDay,Fog,NB_Snelling_MA_Day_Fog,133,0,5,0.0,94.85,5.43,91.2,95.26,-10.0

13,2.5.3,FwdDay,Fog,NB_Snelling_MA_Day_Fog,134,2,1,8.7,95.45,3.12,96.18,98.79,0.0

14,2.5.3,FwdDay,Fog,NB_Snelling_MA_Day_Fog,231,18,0,100.0,100,100.0,100,94.72,nan

15,2.5.3,FwdDay,Fog,NB_Snelling_MA_Day_Fog,232,5,7,5.68,92.22,18.57,87.72,90.73,-10.0

16,2.5.3,FwdDay,Fog,NB_Snelling_MA_Day_Fog,233,20,6,19.23,93.33,24.4,81.79,87.5,-10.0

17,2.5.3,FwdDay,Fog,NB_Snelling_MA_Day_Fog,234,8,2,25.0,92.31,16.73,67.14,97.28,20.0

18,2.5.3,FwdDay,Fog,NB_Snelling_MA_Day_Fog,331,4,8,4.44,91.49,26.57,83.26,87.21,-20.0

19,2.5.3,FwdDay,Fog,NB_Snelling_MA_Day_Fog,332,11,3,10.89,96.77,28.85,82.7,85.77,-40.0

20,2.5.3,FwdDay,Glare,42nd Demers_WB_Glare,151,1,6,2.44,86.96,1.27,81.32,91.54,-70.0

21,2.5.3,FwdDay,Glare,42nd Demers_WB_Glare,152,0,2,0.0,88.24,1.48,82.59,96.81,-10.0

22,2.5.3,FwdDay,Glare,42nd Demers_WB_Glare,153,0,4,0.0,91.3,6.86,86.62,86.31,-10.0

23,2.5.3,FwdDay,Glare,42nd Demers_WB_Glare,154,2,5,10.0,78.26,1.85,75.09,91.72,-40.0

24,2.5.3,FwdDay,Glare,42nd Demers_WB_Glare,251,0,10,0.0,83.87,0.37,61.74,92.99,-20.0

25,2.5.3,FwdDay,Glare,42nd Demers_WB_Glare,252,19,2,51.35,90.0,22.97,71.19,97.97,50.0

26,2.5.3,FwdDay,Glare,42nd Demers_WB_Glare,253,3,9,6.38,83.02,5.48,80.28,86.96,-40.0

27,2.5.3,FwdDay,Glare,42nd Demers_WB_Glare,254,23,5,47.92,83.33,39.72,71.02,92.01,40.0

28,2.5.3,FwdDay,Glare,42nd Demers_WB_Glare,351,0,10,0.0,88.1,6.4,75.93,95.31,-20.0

29,2.5.3,FwdDay,Glare,42nd Demers_WB_Glare,352,2,10,2.67,87.95,6.06,79.01,90.51,-50.0

30,2.5.3,FwdDay,Snowy,NB_Snelling_MA_Day_Snow_SnowyRoads,151,3,2,17.65,87.5,22.86,77.52,89.87,40.0

31,2.5.3,FwdDay,Snowy,NB_Snelling_MA_Day_Snow_SnowyRoads,152,1,5,5.0,79.17,8.73,88.11,92.9,-20.0

32,2.5.3,FwdDay,Snowy,NB_Snelling_MA_Day_Snow_SnowyRoads,153,0,5,0.0,82.76,15.35,76.73,90.21,-20.0

33,2.5.3,FwdDay,Snowy,NB_Snelling_MA_Day_Snow_SnowyRoads,154,0,1,0.0,87.5,8.93,86.99,95.68,-10.0

34,2.5.3,FwdDay,Snowy,NB_Snelling_MA_Day_Snow_SnowyRoads,251,16,6,59.26,64.71,32.47,32.33,79.64,60.0

35,2.5.3,FwdDay,Snowy,NB_Snelling_MA_Day_Snow_SnowyRoads,252,1,5,4.76,80.0,7.94,86.38,93.91,-20.0

36,2.5.3,FwdDay,Snowy,NB_Snelling_MA_Day_Snow_SnowyRoads,253,4,4,14.29,85.71,11.48,73.74,90.31,-10.0

37,2.5.3,FwdDay,Snowy,NB_Snelling_MA_Day_Snow_SnowyRoads,254,2,1,22.22,87.5,26.84,84.12,95.07,-10.0

38,2.5.3,FwdDay,Snowy,NB_Snelling_MA_Day_Snow_SnowyRoads,351,2,5,8.7,80.77,13.81,66.34,86.51,-20.0

39,2.5.3,FwdDay,Snowy,NB_Snelling_MA_Day_Snow_SnowyRoads,352,0,5,0.0,83.87,7.66,73.67,89.09,-30.0

40,2.5.2,FwdDay,Clear,Demers_Ave20th_St_NB,131,8,1,38.1,92.86,1.67,58.15,94.3,-30.0

41,2.5.2,FwdDay,Clear,Demers_Ave20th_St_NB,132,4,1,40.0,85.71,0.0,81.58,99.13,-10.0

42,2.5.2,FwdDay,Clear,Demers_Ave20th_St_NB,231,8,1,53.33,87.5,25.71,25.63,98.3,-10.0

43,2.5.2,FwdDay,Clear,Demers_Ave20th_St_NB,232,15,2,42.86,90.91,6.48,48.61,95.24,30.0

44,2.5.2,FwdDay,Clear,EB_MA_2018-03-07-10-01-59,151,1,5,6.25,75.0,1.38,71.81,93.01,-60.0

45,2.5.2,FwdDay,Clear,EB_MA_2018-03-07-10-01-59,152,1,2,8.33,84.62,1.69,83.98,96.86,-20.0

46,2.5.2,FwdDay,Fog,EBMA_2018-01-21_0354 PM,151,9,5,40.91,72.22,0.0,51.37,92.29,-40.0

47,2.5.2,FwdDay,Fog,EBMA_2018-01-21_0354 PM,152,7,2,58.33,71.43,0.0,3.56,93.18,-20.0

48,2.5.2,FwdDay,Fog,EBMA_2018-01-21_0434_PM,151,9,4,47.37,71.43,2.84,15.46,70.79,-40.0

49,2.5.2,FwdDay,Fog,EBMA_2018-01-21_0434_PM,152,9,2,60.0,75.0,0,0.0,91.74,-20.0

50,2.5.2,FwdDay,Fog,NB_Snelling_MA_Day_Fog,131,26,0,100.0,100,100.0,100,94.86,nan

51,2.5.2,FwdDay,Fog,NB_Snelling_MA_Day_Fog,132,2,6,2.33,93.33,8.08,95.26,96.09,0.0

52,2.5.2,FwdDay,Fog,NB_Snelling_MA_Day_Fog,133,0,5,0.0,94.85,5.43,91.2,95.26,-10.0

53,2.5.2,FwdDay,Fog,NB_Snelling_MA_Day_Fog,134,2,1,8.7,95.45,3.12,96.18,98.79,0.0

54,2.5.2,FwdDay,Fog,NB_Snelling_MA_Day_Fog,231,18,0,100.0,100,100.0,100,94.72,nan

55,2.5.2,FwdDay,Fog,NB_Snelling_MA_Day_Fog,232,5,7,5.68,92.22,18.57,87.72,90.73,-10.0

56,2.5.2,FwdDay,Fog,NB_Snelling_MA_Day_Fog,233,20,6,19.23,93.33,24.4,81.79,87.5,-10.0

57,2.5.2,FwdDay,Fog,NB_Snelling_MA_Day_Fog,234,8,2,25.0,92.31,16.73,67.14,97.28,20.0

58,2.5.2,FwdDay,Fog,NB_Snelling_MA_Day_Fog,331,4,8,4.44,91.49,26.57,83.26,87.21,-20.0

59,2.5.2,FwdDay,Fog,NB_Snelling_MA_Day_Fog,332,11,3,10.89,96.77,28.85,82.7,85.77,-40.0

60,2.5.2,FwdDay,Glare,42nd Demers WB Glare__xvid,151,1,17,3.33,63.04,2.83,73.21,87.59,-60.0

61,2.5.2,FwdDay,Glare,42nd Demers WB Glare__xvid,152,0,3,0.0,82.35,1.24,78.89,96.21,-20.0

62,2.5.2,FwdDay,Glare,42nd Demers WB Glare__xvid,153,0,5,0.0,89.13,14.85,85.31,79.5,-0.0

63,2.5.2,FwdDay,Glare,42nd Demers WB Glare__xvid,154,3,6,15.0,73.91,5.4,70.85,89.56,-40.0

64,2.5.2,FwdDay,Glare,42nd Demers WB Glare__xvid,251,0,14,0.0,77.42,0.31,56.3,92.01,-20.0

65,2.5.2,FwdDay,Glare,42nd Demers WB Glare__xvid,252,8,1,29.63,95.0,16.07,78.61,98.52,30.0

66,2.5.2,FwdDay,Glare,42nd Demers WB Glare__xvid,253,0,3,0.0,94.34,1.6,87.58,92.59,-40.0

67,2.5.2,FwdDay,Glare,42nd Demers WB Glare__xvid,254,12,4,31.58,86.67,30.37,59.65,93.0,20.0

68,2.5.2,FwdDay,Glare,42nd Demers WB Glare__xvid,351,0,8,0.0,90.48,2.68,76.39,95.87,-10.0

69,2.5.2,FwdDay,Glare,42nd Demers WB Glare__xvid,352,0,5,0.0,93.98,3.68,87.54,94.25,-40.0

70,2.5.2,FwdDay,Snowy,NB_Snelling_MA_Day_Snow_SnowyRoads,151,3,2,17.65,87.5,22.86,77.52,89.87,40.0

71,2.5.2,FwdDay,Snowy,NB_Snelling_MA_Day_Snow_SnowyRoads,152,1,5,5.0,79.17,8.73,88.11,92.9,-20.0

72,2.5.2,FwdDay,Snowy,NB_Snelling_MA_Day_Snow_SnowyRoads,153,0,5,0.0,82.76,15.35,76.73,90.21,-20.0

73,2.5.2,FwdDay,Snowy,NB_Snelling_MA_Day_Snow_SnowyRoads,154,0,1,0.0,87.5,8.93,86.99,95.68,-10.0

74,2.5.2,FwdDay,Snowy,NB_Snelling_MA_Day_Snow_SnowyRoads,251,16,6,59.26,64.71,32.47,32.33,79.64,60.0

75,2.5.2,FwdDay,Snowy,NB_Snelling_MA_Day_Snow_SnowyRoads,252,1,5,4.76,80.0,7.94,86.38,93.91,-20.0

76,2.5.2,FwdDay,Snowy,NB_Snelling_MA_Day_Snow_SnowyRoads,253,4,4,14.29,85.71,11.48,73.74,90.31,-10.0

77,2.5.2,FwdDay,Snowy,NB_Snelling_MA_Day_Snow_SnowyRoads,254,2,1,22.22,87.5,26.84,84.12,95.07,-10.0

78,2.5.2,FwdDay,Snowy,NB_Snelling_MA_Day_Snow_SnowyRoads,351,2,5,8.7,80.77,13.81,66.34,86.51,-20.0

79,2.5.2,FwdDay,Snowy,NB_Snelling_MA_Day_Snow_SnowyRoads,352,0,5,0.0,83.87,7.66,73.67,89.09,-30.0

ID,FwVersion,TcCatagory,TestCaseType,VideoName,ZoneId,Falses,Misses,Fdr,Tpr,SignalFdr,SignalTpr,SignalAccuracy,CountError
0,2.5.3,FwdDay,Clear,Demers_Ave20th_St_NB,131,8,1,38.1,92.86,1.67,58.15,94.3,-30.0

1,2.5.3,FwdDay,Clear,Demers_Ave20th_St_NB,132,4,1,40.0,85.71,0.0,81.58,99.13,-10.0

2,2.5.3,FwdDay,Clear,Demers_Ave20th_St_NB,231,8,1,53.33,87.5,25.71,25.63,98.3,-10.0

3,2.5.3,FwdDay,Clear,Demers_Ave20th_St_NB,232,15,2,42.86,90.91,6.48,48.61,95.24,30.0

4,2.5.3,FwdDay,Clear,EB_MA_2018-03-07-10-01-59,151,1,5,6.25,75.0,1.38,71.81,93.01,-60.0

5,2.5.3,FwdDay,Clear,EB_MA_2018-03-07-10-01-59,152,1,2,8.33,84.62,1.69,83.98,96.86,-20.0

6,2.5.3,FwdDay,Fog,EBMA_2018-01-21_0354 PM,151,9,5,40.91,72.22,0.0,51.37,92.29,-40.0

7,2.5.3,FwdDay,Fog,EBMA_2018-01-21_0354 PM,152,7,2,58.33,71.43,0.0,3.56,93.18,-20.0

8,2.5.3,FwdDay,Fog,EBMA_2018-01-21_0434_PM,151,9,4,47.37,71.43,2.84,15.46,70.79,-40.0

9,2.5.3,FwdDay,Fog,EBMA_2018-01-21_0434_PM,152,9,2,60.0,75.0,0,0.0,91.74,-20.0

10,2.5.3,FwdDay,Fog,NB_Snelling_MA_Day_Fog,131,26,0,100.0,100,100.0,100,94.86,nan

11,2.5.3,FwdDay,Fog,NB_Snelling_MA_Day_Fog,132,2,6,2.33,93.33,8.08,95.26,96.09,0.0

12,2.5.3,FwdDay,Fog,NB_Snelling_MA_Day_Fog,133,0,5,0.0,94.85,5.43,91.2,95.26,-10.0

13,2.5.3,FwdDay,Fog,NB_Snelling_MA_Day_Fog,134,2,1,8.7,95.45,3.12,96.18,98.79,0.0

14,2.5.3,FwdDay,Fog,NB_Snelling_MA_Day_Fog,231,18,0,100.0,100,100.0,100,94.72,nan

15,2.5.3,FwdDay,Fog,NB_Snelling_MA_Day_Fog,232,5,7,5.68,92.22,18.57,87.72,90.73,-10.0

16,2.5.3,FwdDay,Fog,NB_Snelling_MA_Day_Fog,233,20,6,19.23,93.33,24.4,81.79,87.5,-10.0

17,2.5.3,FwdDay,Fog,NB_Snelling_MA_Day_Fog,234,8,2,25.0,92.31,16.73,67.14,97.28,20.0

18,2.5.3,FwdDay,Fog,NB_Snelling_MA_Day_Fog,331,4,8,4.44,91.49,26.57,83.26,87.21,-20.0

19,2.5.3,FwdDay,Fog,NB_Snelling_MA_Day_Fog,332,11,3,10.89,96.77,28.85,82.7,85.77,-40.0

20,2.5.3,FwdDay,Glare,42nd Demers_WB_Glare,151,1,6,2.44,86.96,1.27,81.32,91.54,-70.0

21,2.5.3,FwdDay,Glare,42nd Demers_WB_Glare,152,0,2,0.0,88.24,1.48,82.59,96.81,-10.0

22,2.5.3,FwdDay,Glare,42nd Demers_WB_Glare,153,0,4,0.0,91.3,6.86,86.62,86.31,-10.0

23,2.5.3,FwdDay,Glare,42nd Demers_WB_Glare,154,2,5,10.0,78.26,1.85,75.09,91.72,-40.0

24,2.5.3,FwdDay,Glare,42nd Demers_WB_Glare,251,0,10,0.0,83.87,0.37,61.74,92.99,-20.0

25,2.5.3,FwdDay,Glare,42nd Demers_WB_Glare,252,19,2,51.35,90.0,22.97,71.19,97.97,50.0

26,2.5.3,FwdDay,Glare,42nd Demers_WB_Glare,253,3,9,6.38,83.02,5.48,80.28,86.96,-40.0

27,2.5.3,FwdDay,Glare,42nd Demers_WB_Glare,254,23,5,47.92,83.33,39.72,71.02,92.01,40.0

28,2.5.3,FwdDay,Glare,42nd Demers_WB_Glare,351,0,10,0.0,88.1,6.4,75.93,95.31,-20.0

29,2.5.3,FwdDay,Glare,42nd Demers_WB_Glare,352,2,10,2.67,87.95,6.06,79.01,90.51,-50.0

30,2.5.3,FwdDay,Snowy,NB_Snelling_MA_Day_Snow_SnowyRoads,151,3,2,17.65,87.5,22.86,77.52,89.87,40.0

31,2.5.3,FwdDay,Snowy,NB_Snelling_MA_Day_Snow_SnowyRoads,152,1,5,5.0,79.17,8.73,88.11,92.9,-20.0

32,2.5.3,FwdDay,Snowy,NB_Snelling_MA_Day_Snow_SnowyRoads,153,0,5,0.0,82.76,15.35,76.73,90.21,-20.0

33,2.5.3,FwdDay,Snowy,NB_Snelling_MA_Day_Snow_SnowyRoads,154,0,1,0.0,87.5,8.93,86.99,95.68,-10.0

34,2.5.3,FwdDay,Snowy,NB_Snelling_MA_Day_Snow_SnowyRoads,251,16,6,59.26,64.71,32.47,32.33,79.64,60.0

35,2.5.3,FwdDay,Snowy,NB_Snelling_MA_Day_Snow_SnowyRoads,252,1,5,4.76,80.0,7.94,86.38,93.91,-20.0

36,2.5.3,FwdDay,Snowy,NB_Snelling_MA_Day_Snow_SnowyRoads,253,4,4,14.29,85.71,11.48,73.74,90.31,-10.0

37,2.5.3,FwdDay,Snowy,NB_Snelling_MA_Day_Snow_SnowyRoads,254,2,1,22.22,87.5,26.84,84.12,95.07,-10.0

38,2.5.3,FwdDay,Snowy,NB_Snelling_MA_Day_Snow_SnowyRoads,351,2,5,8.7,80.77,13.81,66.34,86.51,-20.0

39,2.5.3,FwdDay,Snowy,NB_Snelling_MA_Day_Snow_SnowyRoads,352,0,5,0.0,83.87,7.66,73.67,89.09,-30.0

40,2.5.2,FwdDay,Clear,Demers_Ave20th_St_NB,131,8,1,38.1,92.86,1.67,58.15,94.3,-30.0

41,2.5.2,FwdDay,Clear,Demers_Ave20th_St_NB,132,4,1,40.0,85.71,0.0,81.58,99.13,-10.0

42,2.5.2,FwdDay,Clear,Demers_Ave20th_St_NB,231,8,1,53.33,87.5,25.71,25.63,98.3,-10.0

43,2.5.2,FwdDay,Clear,Demers_Ave20th_St_NB,232,15,2,42.86,90.91,6.48,48.61,95.24,30.0

44,2.5.2,FwdDay,Clear,EB_MA_2018-03-07-10-01-59,151,1,5,6.25,75.0,1.38,71.81,93.01,-60.0

45,2.5.2,FwdDay,Clear,EB_MA_2018-03-07-10-01-59,152,1,2,8.33,84.62,1.69,83.98,96.86,-20.0

46,2.5.2,FwdDay,Fog,EBMA_2018-01-21_0354 PM,151,9,5,40.91,72.22,0.0,51.37,92.29,-40.0

47,2.5.2,FwdDay,Fog,EBMA_2018-01-21_0354 PM,152,7,2,58.33,71.43,0.0,3.56,93.18,-20.0

48,2.5.2,FwdDay,Fog,EBMA_2018-01-21_0434_PM,151,9,4,47.37,71.43,2.84,15.46,70.79,-40.0

49,2.5.2,FwdDay,Fog,EBMA_2018-01-21_0434_PM,152,9,2,60.0,75.0,0,0.0,91.74,-20.0

50,2.5.2,FwdDay,Fog,NB_Snelling_MA_Day_Fog,131,26,0,100.0,100,100.0,100,94.86,nan

51,2.5.2,FwdDay,Fog,NB_Snelling_MA_Day_Fog,132,2,6,2.33,93.33,8.08,95.26,96.09,0.0

52,2.5.2,FwdDay,Fog,NB_Snelling_MA_Day_Fog,133,0,5,0.0,94.85,5.43,91.2,95.26,-10.0

53,2.5.2,FwdDay,Fog,NB_Snelling_MA_Day_Fog,134,2,1,8.7,95.45,3.12,96.18,98.79,0.0

54,2.5.2,FwdDay,Fog,NB_Snelling_MA_Day_Fog,231,18,0,100.0,100,100.0,100,94.72,nan

55,2.5.2,FwdDay,Fog,NB_Snelling_MA_Day_Fog,232,5,7,5.68,92.22,18.57,87.72,90.73,-10.0

56,2.5.2,FwdDay,Fog,NB_Snelling_MA_Day_Fog,233,20,6,19.23,93.33,24.4,81.79,87.5,-10.0

57,2.5.2,FwdDay,Fog,NB_Snelling_MA_Day_Fog,234,8,2,25.0,92.31,16.73,67.14,97.28,20.0

58,2.5.2,FwdDay,Fog,NB_Snelling_MA_Day_Fog,331,4,8,4.44,91.49,26.57,83.26,87.21,-20.0

59,2.5.2,FwdDay,Fog,NB_Snelling_MA_Day_Fog,332,11,3,10.89,96.77,28.85,82.7,85.77,-40.0

60,2.5.2,FwdDay,Glare,42nd Demers WB Glare__xvid,151,1,17,3.33,63.04,2.83,73.21,87.59,-60.0

61,2.5.2,FwdDay,Glare,42nd Demers WB Glare__xvid,152,0,3,0.0,82.35,1.24,78.89,96.21,-20.0

62,2.5.2,FwdDay,Glare,42nd Demers WB Glare__xvid,153,0,5,0.0,89.13,14.85,85.31,79.5,-0.0

63,2.5.2,FwdDay,Glare,42nd Demers WB Glare__xvid,154,3,6,15.0,73.91,5.4,70.85,89.56,-40.0

64,2.5.2,FwdDay,Glare,42nd Demers WB Glare__xvid,251,0,14,0.0,77.42,0.31,56.3,92.01,-20.0

65,2.5.2,FwdDay,Glare,42nd Demers WB Glare__xvid,252,8,1,29.63,95.0,16.07,78.61,98.52,30.0

66,2.5.2,FwdDay,Glare,42nd Demers WB Glare__xvid,253,0,3,0.0,94.34,1.6,87.58,92.59,-40.0

67,2.5.2,FwdDay,Glare,42nd Demers WB Glare__xvid,254,12,4,31.58,86.67,30.37,59.65,93.0,20.0

68,2.5.2,FwdDay,Glare,42nd Demers WB Glare__xvid,351,0,8,0.0,90.48,2.68,76.39,95.87,-10.0

69,2.5.2,FwdDay,Glare,42nd Demers WB Glare__xvid,352,0,5,0.0,93.98,3.68,87.54,94.25,-40.0

70,2.5.2,FwdDay,Snowy,NB_Snelling_MA_Day_Snow_SnowyRoads,151,3,2,17.65,87.5,22.86,77.52,89.87,40.0

71,2.5.2,FwdDay,Snowy,NB_Snelling_MA_Day_Snow_SnowyRoads,152,1,5,5.0,79.17,8.73,88.11,92.9,-20.0

72,2.5.2,FwdDay,Snowy,NB_Snelling_MA_Day_Snow_SnowyRoads,153,0,5,0.0,82.76,15.35,76.73,90.21,-20.0

73,2.5.2,FwdDay,Snowy,NB_Snelling_MA_Day_Snow_SnowyRoads,154,0,1,0.0,87.5,8.93,86.99,95.68,-10.0

74,2.5.2,FwdDay,Snowy,NB_Snelling_MA_Day_Snow_SnowyRoads,251,16,6,59.26,64.71,32.47,32.33,79.64,60.0

75,2.5.2,FwdDay,Snowy,NB_Snelling_MA_Day_Snow_SnowyRoads,252,1,5,4.76,80.0,7.94,86.38,93.91,-20.0

76,2.5.2,FwdDay,Snowy,NB_Snelling_MA_Day_Snow_SnowyRoads,253,4,4,14.29,85.71,11.48,73.74,90.31,-10.0

77,2.5.2,FwdDay,Snowy,NB_Snelling_MA_Day_Snow_SnowyRoads,254,2,1,22.22,87.5,26.84,84.12,95.07,-10.0

78,2.5.2,FwdDay,Snowy,NB_Snelling_MA_Day_Snow_SnowyRoads,351,2,5,8.7,80.77,13.81,66.34,86.51,-20.0

79,2.5.2,FwdDay,Snowy,NB_Snelling_MA_Day_Snow_SnowyRoads,352,0,5,0.0,83.87,7.66,73.67,89.09,-30.0

